<?xml version="1.0" encoding="UTF-8"?>
<application xmlns:xsi="http://www.w3.org/2001/XMLSchema-instance" xmlns="http://java.sun.com/xml/ns/javaee" xsi:schemaLocation="http://java.sun.com/xml/ns/javaee http://java.sun.com/xml/ns/javaee/application_6.xsd" id="Application_ID" version="6">
  <display-name>CatalogueEAR</display-name>
  <module>
    <ejb>CatalogueArticleCategorieEJB.jar</ejb>
  </module>
  <module>
    <ejb>CatalogueEJB.jar</ejb>
  </module>
  <module>
    <web>
      <web-uri>CatalogueWeb.war</web-uri>
      <context-root>CatalogueWeb</context-root>
    </web>
  </module>
  <module>
    <web>
      <web-uri>CatalogueArticleCategorieWeb.war</web-uri>
      <context-root>CatalogueArticleCategorieWeb</context-root>
    </web>
  </module>
</application>